,Mean,Std,Min,Median,Max
R_mean,116.00798711435198,42.51757200038024,11.107803344726562,119.211181640625,222.49774169921875
G_mean,108.76597254729468,41.10076282741561,11.8970947265625,110.85691833496094,213.7228546142578
B_mean,99.18993931649848,40.510798047511464,12.131942749023438,97.75111389160156,217.8518218994141
R_std,59.969529354961686,11.807933119482136,23.94079208374023,60.268455505371094,102.38192749023438
G_std,59.43929723884496,10.728124429895843,27.637454986572266,59.15543365478515,103.00897216796876
B_std,59.14544871696943,11.628133887829803,22.665037155151367,58.80266189575195,100.46569061279295
H_mean,40.87369198369398,26.24107654384707,7.26531982421875,30.21307373046875,152.5617218017578
S_mean,70.36617561589541,43.967505715374415,2.1960296630859375,60.336273193359375,216.88690185546875
V_mean,121.60884329635579,41.98926542086391,13.143234252929688,126.5582275390625,224.12222290039065
H_std,31.492929446889583,13.981770927392148,3.2231338024139404,30.907922744750977,84.40770721435547
S_std,51.776758479959426,20.283344506792176,7.263030052185059,52.075042724609375,123.69247436523438
V_std,60.59271236481229,11.56772996551224,22.28045654296875,60.86444854736328,102.68952941894533
