parameter,level,value,unit,R,G,B,H,S,V,L,A,B_lab
Glucose,Negative,0,mg/dL,144,208,182,78,78,208,201,102,134
Glucose,1/10 (tr.),100,mg/dL,140,196,134,57,81,196,189,98,153
Glucose,1/4 (+),250,mg/dL,123,176,86,48,130,176,170,95,168
Glucose,1/2 (++),500,mg/dL,140,144,66,32,138,144,148,115,168
Glucose,1 (+++),1000,mg/dL,129,118,53,26,150,129,126,123,165
Glucose,2 or more (++++),2000 or more,mg/dL,119,85,58,13,131,119,100,139,149
Protein,Negative,0,mg/dL,220,233,118,33,126,233,228,108,182
Protein,Trace,Trace,mg/dL,186,211,109,37,123,211,206,104,175
Protein,Small (+),30,mg/dL,165,193,119,41,98,193,190,106,162
Protein,Moderate (++),100,mg/dL,144,185,145,61,57,185,182,106,144
Protein,Large (+++),300,mg/dL,112,175,154,80,92,175,171,103,132
Protein,Large (++++),2000 or more,mg/dL,89,156,138,82,110,156,152,102,131
pH,5.0,5.0,pH,240,129,74,10,176,240,167,166,176
pH,6.0,6.0,pH,236,164,82,16,166,236,186,147,180
pH,6.5,6.5,pH,221,192,84,24,158,221,200,126,185
pH,7.0,7.0,pH,181,193,91,34,135,193,192,109,177
pH,7.5,7.5,pH,129,165,77,42,136,165,162,101,169
pH,8.0,8.0,pH,75,155,106,72,132,155,148,92,146
pH,8.5,8.5,pH,28,122,124,91,197,124,119,103,119
Ketone,Negative,0,mg/dL,215,182,151,15,76,215,194,135,148
Ketone,Trace,5,mg/dL,232,175,156,8,84,232,195,146,146
Ketone,Small (+),15,mg/dL,214,129,127,1,104,214,161,161,143
Ketone,Moderate (++),40,mg/dL,178,97,102,178,116,178,129,161,140
Ketone,Large (+++),80,mg/dL,134,72,85,174,118,134,98,156,132
Ketone,Large (++++),160,mg/dL,97,54,64,173,113,97,72,149,130
Blood,Negative,Negative,cells/uL,229,190,63,23,185,229,200,129,194
Blood,Non-Hemolyzed Trace,Trace (Non-Hemolyzed),cells/uL,213,178,55,23,189,213,188,128,192
Blood,Non-Hemolyzed Moderate,Moderate (Non-Hemolyzed),cells/uL,177,166,63,27,164,177,172,119,181
Blood,Hemolyzed Trace,Trace (Hemolyzed),cells/uL,193,191,68,30,165,193,193,114,188
Blood,Small (+),Small,cells/uL,146,171,69,37,152,171,169,104,177
Blood,Moderate (++),Moderate,cells/uL,87,136,70,52,124,136,132,98,158
Blood,Large (+++),Large,cells/uL,57,83,58,61,80,83,83,112,140
Leukocytes,Negative,Negative,Leu/uL,229,233,182,32,56,233,232,118,152
Leukocytes,Trace,Trace,Leu/uL,216,212,182,26,40,216,216,124,143
Leukocytes,Small (+),15,Leu/uL,188,183,162,24,35,188,190,126,139
Leukocytes,Moderate (++),70,Leu/uL,143,117,144,149,48,144,134,143,117
Leukocytes,Large (+++),125,Leu/uL,129,100,144,140,78,144,119,148,108
